{"containers":[
  {
    "id":1,
    "interaction_radius":3.67195010185242,
    "x":2.6800000667572,
    "y":-0.07100000232458
  }
],
  "level_id":1,
  "level_version":1
}